"id","email","msg","time","address","isp","country","rdns","user_agent","path"
"17","sus@mna.com","-My business needs some artificial workers. Can we schedule a call to discuss the details?

-yes","2022-01-05 13:27:16","109.75.46.219","Ucom CJSC","Armenia","host-219.46.75.109.ucom.am","Mozilla/5.0 (Windows NT 10.0; Win64; x64) AppleWebKit/537.36 (KHTML, like Gecko) Chrome/97.0.4692.71 Safari/537.36",NULL
"15","test@movsisyan.info","Testing I want to schedule a consultation sometime this week","2022-01-05 12:22:25","37.252.90.16","Ucom CJSC","Armenia","host-16.90.252.37.ucom.am","Mozilla/5.0 (Windows NT 6.3; Win64; x64; rv:95.0) Gecko/20100101 Firefox/95.0",NULL
"16","test@movsisyan.info","I want to schedule a consultation sometime this week","2022-01-05 13:14:41","37.252.90.16","Ucom CJSC","Armenia","host-16.90.252.37.ucom.am","Mozilla/5.0 (Windows NT 6.3; Win64; x64; rv:95.0) Gecko/20100101 Firefox/95.0",NULL
"14","test@movsisyan.info","Testing I want to schedule a consultation sometime this week","2022-01-05 12:21:40","37.252.90.16","Ucom CJSC","Armenia","host-16.90.252.37.ucom.am","Mozilla/5.0 (Windows NT 6.3; Win64; x64; rv:95.0) Gecko/20100101 Firefox/95.0",NULL
"13","nunebadalyan@mail.ru","MHER ARI TUN","2022-01-05 12:12:13","37.252.90.16","Ucom CJSC","Armenia","host-16.90.252.37.ucom.am","Mozilla/5.0 (Windows NT 6.3; Win64; x64; rv:95.0) Gecko/20100101 Firefox/95.0",NULL
"12","test@movsisyan.info","My business needs some artificial workers. Can we schedule a call to discuss the details?","2022-01-05 12:03:08","37.252.90.16","Ucom CJSC","Armenia","host-16.90.252.37.ucom.am","Mozilla/5.0 (Windows NT 6.3; Win64; x64; rv:95.0) Gecko/20100101 Firefox/95.0",NULL
"11","test@movsisyan.info","Testing I want a custom dashboard. Can we schedule a call to discuss the details?","2022-01-05 11:59:34","37.252.90.16","Ucom CJSC","Armenia","host-16.90.252.37.ucom.am","Mozilla/5.0 (Windows NT 6.3; Win64; x64; rv:95.0) Gecko/20100101 Firefox/95.0",NULL
"10","test@movsisyan.info","I want a custom dashboard. Can we schedule a call to discuss the details?","2022-01-05 11:46:38","37.252.90.16","Ucom CJSC","Armenia","host-16.90.252.37.ucom.am","Mozilla/5.0 (Windows NT 6.3; Win64; x64; rv:95.0) Gecko/20100101 Firefox/95.0",NULL
"18","sak@ma.dik","data wooooooooorld ar ya kreyzi?","2022-01-05 13:28:29","109.75.46.219","Ucom CJSC","Armenia","host-219.46.75.109.ucom.am","Mozilla/5.0 (Windows NT 10.0; Win64; x64) AppleWebKit/537.36 (KHTML, like Gecko) Chrome/97.0.4692.71 Safari/537.36",NULL
"19","Can'tontact@yiu.ru","There is kinda bug in you website...","2022-01-06 06:42:44","37.186.100.46","GNC-Alfa CJSC","Armenia","37.186.100.46","Mozilla/5.0 (Linux; Android 11; Mi 9T Pro Build/RKQ1.200826.002; wv) AppleWebKit/537.36 (KHTML, like Gecko) Version/4.0 Chrome/96.0.4664.104 Mobile Safari/537.36 [FB_IAB/FB4A;FBAV/348.0.0.39.118;]",NULL
"20","valid@email.com","Testing contact form","2022-01-06 06:44:57","37.252.90.16","Ucom CJSC","Armenia","host-16.90.252.37.ucom.am","Mozilla/5.0 (Android 10; Mobile; rv:95.0) Gecko/95.0 Firefox/95.0",NULL
"21","Valodik@gmail.com","Hamart ktas? $)) ","2022-01-09 12:11:07","217.76.14.60","MTS Armenia CJSC","Armenia","60.14.76.217.in-addr.mts.am","Mozilla/5.0 (iPhone; CPU iPhone OS 15_1 like Mac OS X) AppleWebKit/605.1.15 (KHTML, like Gecko) Mobile/15E148 Instagram 216.0.0.12.135 (iPhone12,5; iOS 15_1; en_AM; en-US; scale=3.00; 1242x2688; 338132253)",NULL
"85","test@test.com","wdadwad","2022-07-24 06:57:31","37.252.88.38","Ucom CJSC","Armenia","host-38.88.252.37.ucom.am","Mozilla/5.0 (Windows NT 6.3; Win64; x64; rv:102.0) Gecko/20100101 Firefox/102.0",NULL
"83","test@gmail.com","Testing","2022-07-16 09:30:59","37.252.90.245","Ucom CJSC","Armenia","host-245.90.252.37.ucom.am","Mozilla/5.0 (Android 10; Mobile; rv:95.0) Gecko/95.0 Firefox/95.0",NULL
"84","test@email.com",,"2022-07-24 06:56:48","37.252.88.38","Ucom CJSC","Armenia","host-38.88.252.37.ucom.am","Mozilla/5.0 (Windows NT 6.3; Win64; x64; rv:102.0) Gecko/20100101 Firefox/102.0",NULL
"82","asd@askdjnask.asdj","I have some data, and I want to get valuable insights. Can we schedule a call to discuss the details?","2022-03-07 04:24:42","195.250.80.10","GNC-Alfa CJSC","Armenia","195.250.80.10","Mozilla/5.0 (Windows NT 10.0; Win64; x64) AppleWebKit/537.36 (KHTML, like Gecko) Chrome/98.0.4758.102 Safari/537.36",NULL
"86","tesdt@est.am","at","2022-07-27 14:02:34","37.252.91.62","Ucom CJSC","Armenia","host-62.91.252.37.ucom.am","Mozilla/5.0 (Windows NT 6.3; Win64; x64; rv:102.0) Gecko/20100101 Firefox/102.0","home"
"87","test@test.am","I want to find my first job as a back-end developer. Could you help me with that?","2022-07-27 14:03:17","37.252.91.62","Ucom CJSC","Armenia","host-62.91.252.37.ucom.am","Mozilla/5.0 (Windows NT 6.3; Win64; x64; rv:102.0) Gecko/20100101 Firefox/102.0","coach"
"88","test@test.am","I want to find my first job as a back-end developer. Could you help me with that?","2022-07-27 14:08:53","37.252.91.62","Ucom CJSC","Armenia","host-62.91.252.37.ucom.am","Mozilla/5.0 (Windows NT 6.3; Win64; x64; rv:102.0) Gecko/20100101 Firefox/102.0","coach"
"89","test@test.am","I want to find my first job as a back-end developer. Could you help me with that?","2022-07-28 00:22:38","37.252.91.62","Ucom CJSC","Armenia","host-62.91.252.37.ucom.am","Mozilla/5.0 (Android 10; Mobile; rv:95.0) Gecko/95.0 Firefox/95.0","coach"
"90","test@test.am","I want to find my first job as a back-end developer. Could you help me with that?","2022-07-28 00:22:41","37.252.91.62","Ucom CJSC","Armenia","host-62.91.252.37.ucom.am","Mozilla/5.0 (Android 10; Mobile; rv:95.0) Gecko/95.0 Firefox/95.0","coach"
"91","test@test.am","I want to find my first job as a back-end developer. Could you help me with that?","2022-07-28 06:23:56","46.36.115.32","Ucom CJSC","Armenia","host-32.115.36.46.ucom.am","Mozilla/5.0 (Android 10; Mobile; rv:95.0) Gecko/95.0 Firefox/95.0","coach"
"92","test@test.am","Ahaha","2022-08-02 10:51:07","141.136.78.16","Ucom CJSC","Armenia","host-16.78.136.141.ucom.am","Mozilla/5.0 (Android 10; Mobile; rv:95.0) Gecko/95.0 Firefox/95.0","home"
"93","test@test.am","Ahaha","2022-08-02 10:51:14","141.136.78.16","Ucom CJSC","Armenia","host-16.78.136.141.ucom.am","Mozilla/5.0 (Android 10; Mobile; rv:95.0) Gecko/95.0 Firefox/95.0","home"
"94","test@test.am","Ahaha","2022-08-02 10:51:15","141.136.78.16","Ucom CJSC","Armenia","host-16.78.136.141.ucom.am","Mozilla/5.0 (Android 10; Mobile; rv:95.0) Gecko/95.0 Firefox/95.0","home"
"95","test@test.am","Ahaha","2022-08-02 10:51:16","141.136.78.16","Ucom CJSC","Armenia","host-16.78.136.141.ucom.am","Mozilla/5.0 (Android 10; Mobile; rv:95.0) Gecko/95.0 Firefox/95.0","home"
"96","test@teest.nm","Hsgsh","2022-08-02 11:14:00","141.136.78.16","Ucom CJSC","Armenia","host-16.78.136.141.ucom.am","Mozilla/5.0 (Android 10; Mobile; rv:95.0) Gecko/95.0 Firefox/95.0","coach"
"97","test@test.com","Tessssssssssss s.     S ","2022-08-03 15:28:36","37.252.91.62","Ucom CJSC","Armenia","host-62.91.252.37.ucom.am","Mozilla/5.0 (Android 10; Mobile; rv:95.0) Gecko/95.0 Firefox/95.0","coach"
"98","test@test.am","Amamamamma a a a","2022-08-03 15:30:28","37.252.91.62","Ucom CJSC","Armenia","host-62.91.252.37.ucom.am","Mozilla/5.0 (X11; Linux x86_64; rv:95.0) Gecko/20100101 Firefox/95.0","coach"
"99","test@testsst.am","Shhsjcjensn dhhshs . Ehd","2022-08-03 15:33:55","37.252.91.62","Ucom CJSC","Armenia","host-62.91.252.37.ucom.am","Mozilla/5.0 (Android 10; Mobile; rv:95.0) Gecko/95.0 Firefox/95.0","coach"
"100","Test@t.am","Tshajsnnd","2022-08-03 15:40:16","37.252.91.62","Ucom CJSC","Armenia","host-62.91.252.37.ucom.am","Mozilla/5.0 (Linux; Android 10; Redmi Note 8T) AppleWebKit/537.36 (KHTML, like Gecko) Chrome/103.0.0.0 Mobile Safari/537.36","coach"
"101","in.s.ert@mail.ru",,"2022-08-04 00:41:43","141.136.91.204","Ucom CJSC","Armenia","host-204.91.136.141.ucom.am","Mozilla/5.0 (Linux; Android 11; Mi 9T Pro Build/RKQ1.200826.002; wv) AppleWebKit/537.36 (KHTML, like Gecko) Version/4.0 Chrome/103.0.5060.129 Mobile Safari/537.36 [FB_IAB/Orca-Android;FBAV/371.1.0.12.107;]","coach"
"102","test.te-st.t@a.am","I want to schedule a consultation sometime this week","2022-08-04 13:17:37","37.252.91.62","Ucom CJSC","Armenia","host-62.91.252.37.ucom.am","Mozilla/5.0 (Windows NT 6.3; Win64; x64; rv:103.0) Gecko/20100101 Firefox/103.0","home"
"103","te-st@am.am","I want a custom dashboard. Can we schedule a call to discuss the details?","2022-08-04 13:18:08","37.252.91.62","Ucom CJSC","Armenia","host-62.91.252.37.ucom.am","Mozilla/5.0 (Windows NT 6.3; Win64; x64) AppleWebKit/537.36 (KHTML, like Gecko) Chrome/103.0.5060.134 Safari/537.36","home"
"104","te-st@te.am","I want to find my first job as a back-end developer. Could you help me with that?","2022-08-04 13:18:35","37.252.91.62","Ucom CJSC","Armenia","host-62.91.252.37.ucom.am","Mozilla/5.0 (Windows NT 6.3; Win64; x64; rv:103.0) Gecko/20100101 Firefox/103.0","coach"
"105","awdawdwad-awd@mail.ru","I want to earn my first promotion as a back-end developer. Could you help me with that?","2022-08-04 13:18:46","37.252.91.62","Ucom CJSC","Armenia","host-62.91.252.37.ucom.am","Mozilla/5.0 (Windows NT 6.3; Win64; x64) AppleWebKit/537.36 (KHTML, like Gecko) Chrome/103.0.5060.134 Safari/537.36","coach"
"106","testtest@testt.com","I want to earn my first promotion as a back-end developer. Could you help me with that?","2022-08-04 13:23:01","37.252.91.62","Ucom CJSC","Armenia","host-62.91.252.37.ucom.am","Mozilla/5.0 (Windows NT 6.3; Win64; x64) AppleWebKit/537.36 (KHTML, like Gecko) Chrome/103.0.5060.134 Safari/537.36","coach"
"107","test@test.am","I want to find my first job as a back-end developer. Could you help me with that?","2022-08-04 13:25:51","37.252.91.62","Ucom CJSC","Armenia","host-62.91.252.37.ucom.am","Mozilla/5.0 (Windows NT 6.3; Win64; x64) AppleWebKit/537.36 (KHTML, like Gecko) Chrome/103.0.5060.114 Safari/537.36 OPR/89.0.4447.64","coach"
"108","g-hrachya@mail.ru","pepepopo","2022-08-04 13:39:28","37.252.91.212","Ucom CJSC","Armenia","host-212.91.252.37.ucom.am","Mozilla/5.0 (Windows NT 10.0; Win64; x64) AppleWebKit/537.36 (KHTML, like Gecko) Chrome/103.0.5060.114 Safari/537.36 OPR/89.0.4447.64","coach"
"109","g-hrachya@mail.ru","I want to find my first job as a back-end developer. Could you help me with that?","2022-08-04 13:40:49","37.252.91.212","Ucom CJSC","Armenia","host-212.91.252.37.ucom.am","Mozilla/5.0 (Windows NT 10.0; Win64; x64) AppleWebKit/537.36 (KHTML, like Gecko) Chrome/103.0.5060.134 Safari/537.36 Edg/103.0.1264.77","coach"
"110","g-hrachya@mail.ru","adadsadasd","2022-08-04 13:42:09","77.111.246.40","HERN Labs AB","United States","77.111.246.40","Mozilla/5.0 (Windows NT 10.0; Win64; x64) AppleWebKit/537.36 (KHTML, like Gecko) Chrome/103.0.5060.114 Safari/537.36 OPR/89.0.4447.64","coach"
"111","tets@tets.am","I want to find my first job as a back-end developer. Could you help me with that?","2022-08-08 15:30:02","37.252.91.62","Ucom CJSC","Armenia","host-62.91.252.37.ucom.am","Mozilla/5.0 (Android 10; Mobile; rv:95.0) Gecko/95.0 Firefox/95.0","coach"
"112","test@test.am","I want to find my first job as a back-end developer. Could you help me with that?","2022-08-08 15:36:15","141.136.76.35","Ucom CJSC","Armenia","host-35.76.136.141.ucom.am","Mozilla/5.0 (Android 10; Mobile; rv:95.0) Gecko/95.0 Firefox/95.0","coach"
"113","Test@test.am","I want to find my first job as a back-end developer. Could you help me with that?","2022-08-08 15:52:07","141.136.76.35","Ucom CJSC","Armenia","host-35.76.136.141.ucom.am","Mozilla/5.0 (Linux; Android 10; Redmi Note 8T) AppleWebKit/537.36 (KHTML, like Gecko) Chrome/103.0.0.0 Mobile Safari/537.36","coach"
"114","Test@test.am","I want to find my first job as a back-end developer. Could you help me with that?","2022-08-08 15:53:04","141.136.76.35","Ucom CJSC","Armenia","host-35.76.136.141.ucom.am","Mozilla/5.0 (Linux; Android 10; Redmi Note 8T Build/QKQ1.200114.002; wv) AppleWebKit/537.36 (KHTML, like Gecko) Version/4.0 Chrome/87.0.4280.101 Mobile Safari/537.36 Instagram 246.1.0.16.113 Android (29/10; 440dpi; 1080x2130; Xiaomi/xiaomi; Redmi Note 8T; willow; qcom; en_US; 387809238)","coach"
"115","test@test.am","I want to earn my first promotion as a back-end developer. Could you help me with that?","2022-08-09 12:58:38","37.252.91.62","Ucom CJSC","Armenia","host-62.91.252.37.ucom.am","Mozilla/5.0 (Windows NT 6.3; Win64; x64) AppleWebKit/537.36 (KHTML, like Gecko) Chrome/103.0.5060.114 Safari/537.36 OPR/89.0.4447.64","coach"
"116","surigrigorian3@gmail.com","I want to schedule a consultation sometime this weekend, and hopefully the consuktation's free of charge)","2022-08-09 14:24:51","45.143.204.165","UTC LLC","Armenia","45.143.204.165","Mozilla/5.0 (Linux; Android 11; SM-A307FN Build/RP1A.200720.012; wv) AppleWebKit/537.36 (KHTML, like Gecko) Version/4.0 Chrome/103.0.5060.129 Mobile Safari/537.36 Instagram 246.1.0.16.113 Android (30/11; 280dpi; 720x1423; samsung; SM-A307FN; a30s; exynos7904; en_US; 387809237)","home"
"117","Test@test.am","I want to find my first job as a back-end developer. Could you help me with that?","2022-08-09 14:32:17","37.252.91.62","Ucom CJSC","Armenia","host-62.91.252.37.ucom.am","Mozilla/5.0 (Linux; Android 10; Redmi Note 8T Build/QKQ1.200114.002; wv) AppleWebKit/537.36 (KHTML, like Gecko) Version/4.0 Chrome/87.0.4280.101 Mobile Safari/537.36 Instagram 246.1.0.16.113 Android (29/10; 440dpi; 1080x2130; Xiaomi/xiaomi; Redmi Note 8T; willow; qcom; en_US; 387809238)","coach"
"118","adasd@rer.ug","ssdg","2022-10-24 05:12:55","31.7.162.99","MTS Armenia CJSC","Armenia","host-31-7-162-99.customers.mts.am","Mozilla/5.0 (Windows NT 10.0; Win64; x64) AppleWebKit/537.36 (KHTML, like Gecko) Chrome/106.0.0.0 Safari/537.36","home"
