"time","sender","name","content"
"2021-06-10 08:27:50","993903016","Mher","Movsisyan's Website"
"2021-06-10 09:01:04","993903016","Mher","Movsisyan's Website"
"2021-06-10 09:09:43","993903016","Mher","Fun"
"2021-06-10 09:09:48","993903016","Mher","Back ⬅️"
"2021-06-10 09:09:50","993903016","Mher","Movsisyan's Website"
"2021-06-10 09:10:00","993903016","Mher","Fun"
"2021-06-10 09:10:24","993903016","Mher","Back ⬅️"
"2021-06-10 09:10:29","993903016","Mher","Movsisyan's Website"
"2021-06-10 09:10:31","993903016","Mher","Fun"
"2021-06-10 09:10:34","993903016","Mher","Doge ?"
"2021-06-10 09:10:37","993903016","Mher","Cat ?"
"2021-06-10 09:10:43","993903016","Mher","Fox ?"
"2021-06-10 09:10:47","993903016","Mher","Me ?"
"2021-06-10 09:10:57","993903016","Mher","BTC ?"
"2021-06-15 06:08:33","993903016","Mher","Me ?"
"2021-06-15 06:09:20","993903016","Mher","Fox ?"
"2021-06-15 06:09:25","993903016","Mher","Me ?"
"2021-06-17 06:53:10","993903016","Mher","Back ⬅️"
"2021-06-17 06:53:19","993903016","Mher","/start"
"2021-06-17 06:53:24","993903016","Mher","Fun"
"2021-06-17 06:53:28","993903016","Mher","Fox ?"
"2021-06-17 06:53:31","993903016","Mher","Cat ?"
"2021-06-17 06:53:34","993903016","Mher","Doge ?"
"2021-06-17 06:53:57","993903016","Mher","Me ?"
"2021-06-17 06:54:12","993903016","Mher","Agify ?"
"2021-06-17 06:54:19","993903016","Mher","Agify Lilit"
"2021-06-17 06:54:39","993903016","Mher","Nationalize ??"
"2021-06-17 06:54:46","993903016","Mher","Nationalize Lilit"
"2021-06-17 06:54:55","993903016","Mher","Back ⬅️"
"2021-06-23 05:36:19","972234874","Lilith","/start"
"2021-06-23 05:36:41","972234874","Lilith","Fun"
"2021-06-23 05:36:43","972234874","Lilith","Cat ?"
"2021-06-23 05:36:46","972234874","Lilith","Cat ?"
"2021-06-23 05:36:54","972234874","Lilith","Doge ?"
"2021-06-23 05:36:58","972234874","Lilith","Cat ?"
"2021-06-23 05:37:02","972234874","Lilith","Cat ?"
"2021-06-23 05:37:05","972234874","Lilith","Hajab"
"2021-06-23 05:37:07","972234874","Lilith","Bejen"
"2021-06-23 05:37:12","972234874","Lilith","Hey"
"2021-06-23 05:37:17","972234874","Lilith","Suck my dick"
"2021-06-23 05:37:19","972234874","Lilith","U"
"2021-06-23 05:37:24","972234874","Lilith","Little"
"2021-06-23 05:37:26","972234874","Lilith","Twat"
"2021-06-23 11:42:30","463925812","Izabella","Cat ?"
"2021-06-23 11:42:36","463925812","Izabella","Fox ?"
"2021-06-23 11:42:53","463925812","Izabella","BTC ?"
"2021-06-23 11:42:59","463925812","Izabella","Me ?"
"2021-06-23 11:43:07","463925812","Izabella","Nationalize ??"
"2021-09-02 06:12:14","993903016","Mher","Fun"
"2021-09-02 06:12:22","993903016","Mher","Doge ?"
"2021-09-02 06:12:38","993903016","Mher","Cat ?"
"2021-11-24 05:46:26","993903016","Mher","Nationalize ??"
"2021-11-24 05:46:27","993903016","Mher","Ala"
"2021-11-24 05:46:40","993903016","Mher","Nationalize Ala"
"2022-04-06 04:25:24","114800042","♕♆☽dคvε☾♆♕","Nationalize Davit"
"2022-04-06 04:25:12","114800042","♕♆☽dคvε☾♆♕","Nationalize Davud"
"2022-04-06 04:24:58","114800042","♕♆☽dคvε☾♆♕","Nationalize Diana"
"2022-04-06 04:24:51","114800042","♕♆☽dคvε☾♆♕","Nationalize ??"
"2022-04-06 04:24:48","114800042","♕♆☽dคvε☾♆♕","Genderize dato"
"2022-04-06 04:24:40","114800042","♕♆☽dคvε☾♆♕","Genderize davud"
"2022-04-06 04:24:33","114800042","♕♆☽dคvε☾♆♕","Genderize Diana"
"2022-04-06 04:24:25","114800042","♕♆☽dคvε☾♆♕","Genderize ?"
"2022-04-06 04:24:21","114800042","♕♆☽dคvε☾♆♕","Fox ?"
"2022-04-06 04:24:19","114800042","♕♆☽dคvε☾♆♕","Cat ?"
"2022-04-06 04:24:15","114800042","♕♆☽dคvε☾♆♕","Doge ?"
"2022-04-06 04:23:44","114800042","♕♆☽dคvε☾♆♕","Agify davud"
"2022-04-06 04:23:38","114800042","♕♆☽dคvε☾♆♕","Agify davit"
"2022-04-06 04:23:35","114800042","♕♆☽dคvε☾♆♕","Davit"
"2022-04-06 04:23:32","114800042","♕♆☽dคvε☾♆♕","Agify ?"
"2022-04-06 04:23:28","114800042","♕♆☽dคvε☾♆♕","Agify mher"
"2022-04-06 04:23:24","114800042","♕♆☽dคvε☾♆♕","Agify ?"
"2022-04-06 04:23:19","114800042","♕♆☽dคvε☾♆♕","Agify davud"
"2022-04-06 04:23:12","114800042","♕♆☽dคvε☾♆♕","Agify ?"
"2022-04-06 04:23:04","114800042","♕♆☽dคvε☾♆♕","Agify me"
"2022-04-06 04:22:49","114800042","♕♆☽dคvε☾♆♕","Agify ?"
"2022-04-06 04:22:44","114800042","♕♆☽dคvε☾♆♕","Fun"
"2022-04-06 04:22:41","114800042","♕♆☽dคvε☾♆♕","/start"
"2022-04-06 04:22:35","114800042","♕♆☽dคvε☾♆♕","Guess my age"
"2022-04-06 04:22:21","114800042","♕♆☽dคvε☾♆♕","Bitcoin"
"2022-04-06 04:22:12","114800042","♕♆☽dคvε☾♆♕","/help"
"2022-04-06 04:18:32","114800042","♕♆☽dคvε☾♆♕","Help"
"2022-04-06 04:18:25","114800042","♕♆☽dคvε☾♆♕","Hello"
"2022-01-05 15:47:04","656290167","Zaven","Back ⬅️"
"2022-01-05 15:47:00","656290167","Zaven","Fox ?"
"2022-01-05 15:46:53","656290167","Zaven","Cat ?"
"2022-01-05 15:46:46","656290167","Zaven","Doge ?"
"2022-01-05 15:46:38","656290167","Zaven","BTC ?"
"2022-01-05 15:46:33","656290167","Zaven","Me ?"
"2022-01-05 15:46:26","656290167","Zaven","Nationalize Zaven"
"2022-01-05 15:46:09","656290167","Zaven","Nationalize ??"
"2022-01-05 15:46:04","656290167","Zaven","Agify Zaven"
"2022-01-05 15:45:56","656290167","Zaven","Agify ?"
"2022-01-05 15:45:52","656290167","Zaven","Genderize Zaven"
"2022-01-05 15:45:38","656290167","Zaven","Genderize ?"
"2022-01-05 15:45:26","656290167","Zaven","Fun"
"2022-01-05 15:45:23","656290167","Zaven","/start"
"2022-01-05 13:21:14","1567745927","David","BTC ?"
"2022-01-05 13:21:04","1567745927","David","Agify David"
"2022-01-05 13:20:53","1567745927","David","Agify ?"
"2022-01-05 13:20:23","1567745927","David","Fox ?"
"2022-01-05 13:20:18","1567745927","David","Cat ?"
"2022-01-05 13:20:15","1567745927","David","Doge ?"
"2022-01-05 13:19:23","1567745927","David","Genderize David"
"2022-01-05 13:19:11","1567745927","David","David Mamyan"
"2022-01-05 13:19:02","1567745927","David","Genderize ?"
"2022-01-05 13:18:58","1567745927","David","Fun"
"2022-01-05 13:18:50","1567745927","David","Me ?"
"2022-01-05 13:18:43","1567745927","David","Hey"
"2022-01-05 13:17:42","1567745927","David","Ok"
"2022-01-05 13:17:39","1567745927","David","21 Armenia"
"2022-01-05 13:17:26","1567745927","David","Me ?"
"2022-01-05 13:17:19","1567745927","David","Fun"
"2022-01-05 13:17:16","1567745927","David","/start"
"2021-12-19 21:43:18","993903016","Mher","Sample message contents"
"2021-12-09 04:05:45","993903016","Mher","Me ?"
"2021-12-09 04:05:29","993903016","Mher","Nationalize Sergey"
"2021-12-09 04:05:16","993903016","Mher","Nationalize Vahan"
"2021-12-09 04:05:07","993903016","Mher","Nationalize ??"
"2021-12-09 04:04:58","993903016","Mher","BTC ?"
"2021-12-09 04:04:47","993903016","Mher","BTC ?"
"2021-12-09 04:04:38","993903016","Mher","Cat ?"
"2021-12-09 04:04:35","993903016","Mher","Cat ?"
"2021-12-09 04:04:32","993903016","Mher","Doge ?"
"2021-12-09 04:04:30","993903016","Mher","Fox ?"
"2021-12-09 04:04:27","993903016","Mher","Cat ?"
"2021-12-07 10:13:32","993903016","Mher","U"
"2021-12-07 10:13:18","993903016","Mher","T"
"2021-12-07 10:13:16","993903016","Mher","T"
"2021-12-07 10:13:16","993903016","Mher","T"
"2021-12-07 10:13:15","993903016","Mher","Ooo"
"2021-12-07 10:13:15","993903016","Mher","Ola"
"2021-12-07 10:13:14","993903016","Mher","Hello"
"2021-11-30 07:58:42","993903016","Mher","Me ?"
"2021-11-30 07:58:36","993903016","Mher","Fun"
"2021-11-30 07:58:32","993903016","Mher","/start"
"2021-11-25 05:46:35","993903016","Mher","Doge ?"
"2021-11-25 05:46:36","993903016","Mher","Doge ?"
"2021-11-25 05:46:36","993903016","Mher","Cat ?"
"2021-11-25 05:46:37","993903016","Mher","Cat ?"
"2021-11-25 05:46:37","993903016","Mher","Doge ?"
"2021-11-25 05:46:38","993903016","Mher","Nationalize ??"
"2021-11-25 05:46:38","993903016","Mher","Cat ?"
